Metric,Value
Accuracy,0.8992137240886348
Precision,0.8977014431839124
Recall,0.8992137240886348
F1 Score,0.8976532736615209
